0.000000, 4.390053E-9, 1.065466E-8
0.412031, 1.548472E-8, 2.692675E-8
0.824063, 1.681305E-8, 3.223872E-9
1.236094, 1.722207E-8, 9.926824E-10
1.648125, 1.729851E-8, 1.855184E-10
2.060157, 1.738137E-8, 2.011087E-10
2.472188, 1.744760E-8, 1.607332E-10
2.884219, 1.769419E-8, 5.984648E-10
3.296251, 1.777482E-8, 1.957037E-10
3.708282, 1.777564E-8, 1.980390E-12
4.120313, 1.779927E-8, 5.735945E-11
4.532344, 1.785766E-8, 1.416976E-10
4.944376, 1.788246E-8, 6.019696E-11
5.356407, 1.788504E-8, 6.252398E-12
5.768438, 1.789497E-8, 2.410204E-11
6.180470, 1.791430E-8, 4.692750E-11
6.592501, 1.796907E-8, 1.329343E-10
7.004532, 1.800971E-8, 9.861947E-11
7.416564, 1.801100E-8, 3.128303E-12
7.828595, 1.801583E-8, 1.173356E-11
8.240626, 1.803938E-8, 5.715432E-11
8.652658, 1.804924E-8, 2.391495E-11
9.064689, 1.808673E-8, 9.099812E-11
9.476720, 1.813236E-8, 1.107513E-10
9.888752, 1.817090E-8, 9.353685E-11
10.300783, 1.821474E-8, 1.064027E-10
10.712814, 1.822194E-8, 1.746429E-11
11.124845, 1.822291E-8, 2.362370E-12
11.536877, 1.825562E-8, 7.938863E-11
11.948908, 1.837112E-8, 2.803106E-10
12.360939, 1.844620E-8, 1.822237E-10
12.772971, 1.845556E-8, 2.270662E-11
13.185002, 1.846234E-8, 1.644775E-11
13.597033, 1.848357E-8, 5.152993E-11
14.009065, 1.848471E-8, 2.772101E-12
14.421096, 1.850169E-8, 4.120675E-11
14.833127, 1.858012E-8, 1.903490E-10
15.245159, 1.861714E-8, 8.986381E-11
15.657190, 1.863632E-8, 4.653890E-11
16.069221, 1.866679E-8, 7.395274E-11
16.481253, 1.867007E-8, 7.968595E-12
16.893284, 1.870168E-8, 7.670440E-11
17.305315, 1.881592E-8, 2.772640E-10
17.717347, 1.886046E-8, 1.080969E-10
18.129378, 1.889959E-8, 9.497239E-11
18.541409, 1.894207E-8, 1.030938E-10
18.953440, 1.907371E-8, 3.194883E-10
19.365472, 1.918333E-8, 2.660409E-10
19.777503, 1.921415E-8, 7.481387E-11
20.189534, 1.924550E-8, 7.609585E-11
20.601566, 1.926122E-8, 3.813405E-11
21.013597, 1.926259E-8, 3.335887E-12
21.425628, 1.928251E-8, 4.835313E-11
21.837660, 1.931368E-8, 7.564366E-11
22.249691, 1.932065E-8, 1.690336E-11
22.661722, 1.935191E-8, 7.586738E-11
23.073754, 1.937223E-8, 4.932544E-11
23.485785, 1.937837E-8, 1.489098E-11
23.897816, 1.940117E-8, 5.533962E-11
24.309848, 1.941422E-8, 3.168188E-11
24.721879, 1.941727E-8, 7.410543E-12
25.133910, 1.943678E-8, 4.734847E-11
25.545941, 1.946008E-8, 5.654776E-11
25.957973, 1.947470E-8, 3.548628E-11
26.370004, 1.949476E-8, 4.867732E-11
26.782035, 1.949903E-8, 1.035293E-11
27.194067, 1.950032E-8, 3.148638E-12
27.606098, 1.950776E-8, 1.804884E-11
28.018129, 1.952111E-8, 3.240885E-11
28.430161, 1.953085E-8, 2.362591E-11
28.842192, 1.953692E-8, 1.474391E-11
29.254223, 1.954485E-8, 1.923012E-11
29.666255, 1.955087E-8, 1.461985E-11
30.078286, 1.955428E-8, 8.261839E-12
30.490317, 1.962284E-8, 1.664008E-10
30.902349, 1.967003E-8, 1.145422E-10
31.314380, 1.967545E-8, 1.315233E-11
31.726411, 1.974115E-8, 1.594487E-10
32.138443, 1.981829E-8, 1.872129E-10
32.550474, 1.984883E-8, 7.412826E-11
32.962505, 1.987071E-8, 5.309263E-11
33.374536, 1.987721E-8, 1.579410E-11
33.786568, 1.990440E-8, 6.596906E-11
34.198599, 1.992031E-8, 3.861593E-11
34.610630, 1.992820E-8, 1.916963E-11
35.022662, 1.993494E-8, 1.634930E-11
35.434693, 1.993938E-8, 1.078266E-11
35.846724, 1.995999E-8, 5.002216E-11
36.258756, 1.996060E-8, 1.469020E-12
36.670787, 1.997579E-8, 3.685415E-11
37.082818, 1.998132E-8, 1.342642E-11
37.494850, 1.998840E-8, 1.719826E-11
37.906881, 2.000401E-8, 3.788056E-11
38.318912, 2.000604E-8, 4.919827E-12
38.730944, 2.001136E-8, 1.290843E-11
39.142975, 2.003546E-8, 5.848572E-11
39.555006, 2.008718E-8, 1.255390E-10
39.967037, 2.012005E-8, 7.977793E-11
40.379069, 2.013411E-8, 3.412933E-11
40.791100, 2.013717E-8, 7.407441E-12
41.203131, 2.013838E-8, 2.932966E-12
41.615163, 2.013849E-8, 2.739167E-13
42.027194, 2.014132E-8, 6.863401E-12
42.439225, 2.016235E-8, 5.104563E-11
42.851257, 2.022381E-8, 1.491591E-10
43.263288, 2.028109E-8, 1.390171E-10
43.675319, 2.029679E-8, 3.811477E-11
44.087351, 2.029895E-8, 5.236068E-12
44.499382, 2.030264E-8, 8.952409E-12
44.911413, 2.031499E-8, 2.998489E-11
45.323445, 2.034455E-8, 7.173677E-11
45.735476, 2.036144E-8, 4.099742E-11
46.147507, 2.037798E-8, 4.014806E-11
46.559539, 2.038178E-8, 9.203060E-12
46.971570, 2.038847E-8, 1.625501E-11
47.383601, 2.039198E-8, 8.506296E-12
47.795632, 2.039665E-8, 1.134504E-11
48.207664, 2.041481E-8, 4.406865E-11
48.619695, 2.042089E-8, 1.475783E-11
49.031726, 2.043175E-8, 2.635456E-11
49.443758, 2.043646E-8, 1.142710E-11
49.855789, 2.043740E-8, 2.297204E-12
50.267820, 2.044648E-8, 2.202041E-11
50.679852, 2.045949E-8, 3.157559E-11
51.091883, 2.046391E-8, 1.073025E-11
51.503914, 2.047228E-8, 2.032219E-11
51.915946, 2.048236E-8, 2.446826E-11
52.327977, 2.048677E-8, 1.070372E-11
52.740008, 2.049689E-8, 2.455018E-11
53.152040, 2.050946E-8, 3.050705E-11
53.564071, 2.051318E-8, 9.037897E-12
53.976102, 2.051523E-8, 4.978732E-12
54.388133, 2.051812E-8, 6.990501E-12
54.800165, 2.051874E-8, 1.509065E-12
55.212196, 2.052803E-8, 2.254810E-11
55.624227, 2.056070E-8, 7.930553E-11
56.036259, 2.057312E-8, 3.012860E-11
56.448290, 2.058765E-8, 3.526501E-11
56.860321, 2.059269E-8, 1.224811E-11
57.272353, 2.059671E-8, 9.746801E-12
57.684384, 2.060597E-8, 2.247070E-11
58.096415, 2.061128E-8, 1.289217E-11
58.508447, 2.061896E-8, 1.863720E-11
58.920478, 2.062650E-8, 1.828722E-11
59.332509, 2.078289E-8, 3.795754E-10
59.744541, 2.603457E-8, 1.274582E-8
60.156572, 3.198528E-8, 1.444238E-8
60.568603, 3.225421E-8, 6.526817E-10
60.980635, 3.225856E-8, 1.056039E-11
61.392666, 3.226623E-8, 1.861483E-11
61.804697, 3.227417E-8, 1.926753E-11
62.216728, 3.228284E-8, 2.105202E-11
62.628760, 3.229566E-8, 3.109461E-11
63.040791, 3.230756E-8, 2.888844E-11
63.452822, 3.231554E-8, 1.935889E-11
63.864854, 3.231822E-8, 6.510031E-12
64.276885, 3.231968E-8, 3.551795E-12
64.688916, 3.232797E-8, 2.011934E-11
65.100948, 3.235940E-8, 7.627100E-11
65.512979, 3.237429E-8, 3.614785E-11
65.925010, 3.237646E-8, 5.269481E-12
66.337042, 3.237738E-8, 2.218290E-12
66.749073, 3.238302E-8, 1.369898E-11
67.161104, 3.239142E-8, 2.037324E-11
67.573136, 3.239166E-8, 5.885478E-13
67.985167, 3.239298E-8, 3.205932E-12
68.397198, 3.239321E-8, 5.546817E-13
68.809230, 3.239476E-8, 3.777284E-12
69.221261, 3.239546E-8, 1.690621E-12
69.633292, 3.240681E-8, 2.755710E-11
70.045323, 3.243099E-8, 5.867608E-11
70.457355, 3.244479E-8, 3.348738E-11
70.869386, 3.244670E-8, 4.628161E-12
71.281417, 3.244861E-8, 4.651810E-12
71.693449, 3.245305E-8, 1.077687E-11
72.105480, 3.245595E-8, 7.038509E-12
72.517511, 3.245783E-8, 4.545822E-12
72.929543, 3.246051E-8, 6.503677E-12
73.341574, 3.246382E-8, 8.032251E-12
73.753605, 3.246678E-8, 7.204897E-12
74.165637, 3.247045E-8, 8.907774E-12
74.577668, 3.247455E-8, 9.942967E-12
74.989699, 3.247771E-8, 7.661790E-12
75.401731, 3.247877E-8, 2.572004E-12
75.813762, 3.248790E-8, 2.217332E-11
76.225793, 3.249406E-8, 1.493103E-11
76.637824, 3.249721E-8, 7.647989E-12
77.049856, 3.249743E-8, 5.506214E-13
77.461887, 3.249751E-8, 1.918122E-13
77.873918, 3.249801E-8, 1.205933E-12
78.285950, 3.249840E-8, 9.522212E-13
78.697981, 3.249842E-8, 3.254343E-14
79.110012, 3.249892E-8, 1.231233E-12
79.522044, 3.250015E-8, 2.984848E-12
79.934075, 3.250113E-8, 2.369953E-12
80.346106, 3.250120E-8, 1.792138E-13
80.758138, 3.250212E-8, 2.220467E-12
81.170169, 3.250387E-8, 4.259946E-12
81.582200, 3.250622E-8, 5.688075E-12
81.994232, 3.250641E-8, 4.633295E-13
82.406263, 3.250816E-8, 4.249933E-12
82.818294, 3.251049E-8, 5.668801E-12
83.230326, 3.251182E-8, 3.226020E-12
83.642357, 3.251183E-8, 1.057282E-14
84.054388, 3.251466E-8, 6.880820E-12
84.466419, 3.251929E-8, 1.123126E-11
84.878451, 3.252118E-8, 4.577229E-12
85.290482, 3.252129E-8, 2.630195E-13
85.702513, 3.252137E-8, 1.980235E-13
86.114545, 3.252546E-8, 9.928435E-12
86.526576, 3.252942E-8, 9.623880E-12
86.938607, 3.252954E-8, 2.897981E-13
87.350639, 3.252962E-8, 1.789242E-13
87.762670, 3.252985E-8, 5.735916E-13
88.174701, 3.253134E-8, 3.599316E-12
88.586733, 3.253157E-8, 5.594961E-13
88.998764, 3.253249E-8, 2.244157E-12
89.410795, 3.253325E-8, 1.851857E-12
89.822827, 3.253368E-8, 1.028395E-12
90.234858, 3.253656E-8, 6.984844E-12
90.646889, 3.253887E-8, 5.626619E-12
91.058920, 3.253952E-8, 1.567419E-12
91.470952, 3.253994E-8, 1.032471E-12
91.882983, 3.254088E-8, 2.259800E-12
92.295014, 3.254145E-8, 1.398624E-12
92.707046, 3.254159E-8, 3.278803E-13
93.119077, 3.254189E-8, 7.378779E-13
93.531108, 3.254261E-8, 1.753420E-12
93.943140, 3.254327E-8, 1.591099E-12
94.355171, 3.254348E-8, 5.090571E-13
94.767202, 3.254349E-8, 1.629142E-14
95.179234, 3.254368E-8, 4.742362E-13
95.591265, 3.254406E-8, 9.083343E-13
96.003296, 3.254532E-8, 3.069859E-12
96.415328, 3.254581E-8, 1.180430E-12
96.827359, 3.254624E-8, 1.039717E-12
97.239390, 3.254707E-8, 2.029713E-12
97.651422, 3.254748E-8, 9.888428E-13
98.063453, 3.254777E-8, 7.109379E-13
98.475484, 3.254817E-8, 9.679628E-13
98.887515, 3.254847E-8, 7.372568E-13
99.299547, 3.254886E-8, 9.466460E-13
99.711578, 3.254928E-8, 1.004872E-12
100.123609, 3.254939E-8, 2.596289E-13
100.535641, 3.254942E-8, 7.270143E-14
100.947672, 3.254952E-8, 2.451378E-13
101.359703, 3.254974E-8, 5.463242E-13
101.771735, 3.255010E-8, 8.612136E-13
102.183766, 3.255028E-8, 4.361235E-13
102.595797, 3.255028E-8, 1.355065E-14
103.007829, 3.255068E-8, 9.547929E-13
103.419860, 3.255124E-8, 1.372293E-12
103.831891, 3.255136E-8, 2.788965E-13
104.243923, 3.255137E-8, 3.679338E-14
104.655954, 3.255145E-8, 2.011266E-13
105.067985, 3.255167E-8, 5.185328E-13
105.480016, 3.255194E-8, 6.518274E-13
105.892048, 3.255218E-8, 5.882940E-13
106.304079, 3.255239E-8, 5.116803E-13
106.716110, 3.255264E-8, 6.020928E-13
107.128142, 3.255288E-8, 5.848030E-13
107.540173, 3.255290E-8, 5.411389E-14
107.952204, 3.255302E-8, 2.866109E-13
108.364236, 3.255305E-8, 6.641353E-14
108.776267, 3.255322E-8, 4.132700E-13
109.188298, 3.255329E-8, 1.728183E-13
109.600330, 3.255331E-8, 6.570107E-14
110.012361, 3.255341E-8, 2.316721E-13
110.424392, 3.255353E-8, 2.913845E-13
110.836424, 3.255362E-8, 2.181677E-13
111.248455, 3.255366E-8, 1.028734E-13
111.660486, 3.255366E-8, 2.130206E-15
112.072518, 3.255370E-8, 8.775727E-14
112.484549, 3.255375E-8, 1.151725E-13
112.896580, 3.255383E-8, 2.015581E-13
113.308611, 3.255392E-8, 2.305975E-13
113.720643, 3.255394E-8, 2.769334E-14
114.132674, 3.255397E-8, 8.862370E-14
114.544705, 3.255398E-8, 1.806016E-14
114.956737, 3.255399E-8, 2.645425E-14
115.368768, 3.255401E-8, 4.595877E-14
115.780799, 3.255402E-8, 3.178792E-14
116.192831, 3.255404E-8, 4.868595E-14
116.604862, 3.255406E-8, 4.080507E-14
117.016893, 3.255410E-8, 9.347278E-14
117.428925, 3.255412E-8, 5.522635E-14
117.840956, 3.255413E-8, 1.093831E-14
118.252987, 3.255413E-8, 1.561805E-14
118.665019, 3.255414E-8, 8.210072E-15
119.077050, 3.255414E-8, 1.664237E-14
119.489081, 3.255414E-8, 4.972305E-15
119.901112, 3.255415E-8, 3.850469E-15
120.313144, 3.255415E-8, 1.048498E-15
120.725175, 3.255415E-8, 7.708702E-16
121.137206, 3.255415E-8, 2.256809E-15
121.549238, 3.255415E-8, 1.647780E-14
121.961269, 3.255417E-8, 4.185773E-14
122.373300, 3.255419E-8, 5.275875E-14
122.785332, 3.255420E-8, 2.376631E-14
123.197363, 3.255421E-8, 1.840168E-14
123.609394, 3.255422E-8, 1.317712E-14
124.021426, 3.255422E-8, 1.845937E-14
124.433457, 3.255423E-8, 1.677959E-14
124.845488, 3.255424E-8, 2.262081E-14
125.257520, 3.255426E-8, 3.665776E-14
125.669551, 3.255426E-8, 1.942828E-15
126.081582, 3.255428E-8, 4.940577E-14
126.493614, 3.255430E-8, 5.618716E-14
126.905645, 3.255433E-8, 6.748374E-14
127.317676, 3.255451E-8, 4.519420E-13
127.729707, 3.255492E-8, 9.852465E-13
128.141739, 3.255500E-8, 2.014237E-13
128.553770, 3.255500E-8, 2.850593E-15
128.965801, 3.255502E-8, 3.212796E-14
129.377833, 3.255506E-8, 9.518256E-14
129.789864, 3.255509E-8, 7.871537E-14
130.201895, 3.255511E-8, 4.634268E-14
130.613927, 3.255513E-8, 4.606750E-14
131.025958, 3.255514E-8, 3.800962E-14
131.437989, 3.255517E-8, 5.563913E-14
131.850021, 3.255523E-8, 1.640363E-13
132.262052, 3.255524E-8, 1.436197E-14
132.674083, 3.255537E-8, 3.284065E-13
133.086115, 3.255547E-8, 2.215973E-13
133.498146, 3.255547E-8, 2.226330E-14
133.910177, 3.255548E-8, 1.896738E-14
134.322208, 3.255553E-8, 1.136454E-13
134.734240, 3.255556E-8, 6.510938E-14
135.146271, 3.255559E-8, 8.644590E-14
135.558302, 3.255560E-8, 9.008354E-15
135.970334, 3.255567E-8, 1.839600E-13
136.382365, 3.255582E-8, 3.712264E-13
136.794396, 3.255587E-8, 1.002139E-13
137.206428, 3.255590E-8, 8.899463E-14
137.618459, 3.255605E-8, 3.512199E-13
138.030490, 3.255615E-8, 2.537600E-13
138.442522, 3.255625E-8, 2.414541E-13
138.854553, 3.255630E-8, 1.168794E-13
139.266584, 3.255635E-8, 1.275690E-13
139.678616, 3.255657E-8, 5.405017E-13
140.090647, 3.255682E-8, 5.890999E-13
140.502678, 3.255683E-8, 4.371543E-14
140.914710, 3.255689E-8, 1.315940E-13
141.326741, 3.255693E-8, 1.087585E-13
141.738772, 3.255695E-8, 3.869084E-14
142.150803, 3.255713E-8, 4.276363E-13
142.562835, 3.255734E-8, 5.183550E-13
142.974866, 3.255735E-8, 1.588727E-14
143.386897, 3.255756E-8, 5.203435E-13
143.798929, 3.255779E-8, 5.639406E-13
144.210960, 3.255780E-8, 8.576445E-15
144.622991, 3.255787E-8, 1.696150E-13
145.035023, 3.255792E-8, 1.305718E-13
145.447054, 3.255793E-8, 2.276196E-14
145.859085, 3.255797E-8, 1.004776E-13
146.271117, 3.255803E-8, 1.379093E-13
146.683148, 3.255809E-8, 1.445297E-13
147.095179, 3.255812E-8, 7.088893E-14
147.507211, 3.255816E-8, 1.027573E-13
147.919242, 3.255825E-8, 2.327271E-13
148.331273, 3.255831E-8, 1.226265E-13
148.743304, 3.255838E-8, 1.746146E-13
149.155336, 3.255855E-8, 4.313228E-13
149.567367, 3.255858E-8, 5.295349E-14
149.979398, 3.255874E-8, 3.915114E-13
150.391430, 3.255879E-8, 1.312194E-13
150.803461, 3.255881E-8, 3.433327E-14
151.215492, 3.255881E-8, 6.592493E-15
151.627524, 3.255885E-8, 9.597145E-14
152.039555, 3.255930E-8, 1.106180E-12
152.451586, 3.256012E-8, 1.968709E-12
152.863618, 3.256044E-8, 7.998033E-13
153.275649, 3.256059E-8, 3.486676E-13
153.687680, 3.256068E-8, 2.336503E-13
154.099712, 3.256081E-8, 3.034751E-13
154.511743, 3.256100E-8, 4.554019E-13
154.923774, 3.256105E-8, 1.258457E-13
155.335806, 3.256119E-8, 3.300044E-13
155.747837, 3.256123E-8, 1.098696E-13
156.159868, 3.256123E-8, 8.099843E-15
156.571899, 3.256127E-8, 8.767825E-14
156.983931, 3.256134E-8, 1.599380E-13
157.395962, 3.256157E-8, 5.744522E-13
157.807993, 3.256178E-8, 4.997999E-13
158.220025, 3.256186E-8, 1.987824E-13
158.632056, 3.256197E-8, 2.643096E-13
159.044087, 3.256207E-8, 2.372902E-13
159.456119, 3.256219E-8, 2.933837E-13
159.868150, 3.256227E-8, 2.068059E-13
160.280181, 3.256237E-8, 2.357098E-13
160.692213, 3.256294E-8, 1.373918E-12
161.104244, 3.256336E-8, 1.021761E-12
161.516275, 3.256358E-8, 5.484360E-13
161.928307, 3.256384E-8, 6.309126E-13
162.340338, 3.256434E-8, 1.204122E-12
162.752369, 3.256489E-8, 1.338495E-12
163.164400, 3.256501E-8, 2.784248E-13
163.576432, 3.256517E-8, 4.092112E-13
163.988463, 3.256575E-8, 1.388681E-12
164.400494, 3.256617E-8, 1.034728E-12
164.812526, 3.256621E-8, 7.962207E-14
165.224557, 3.256636E-8, 3.668921E-13
165.636588, 3.256647E-8, 2.725831E-13
166.048620, 3.256659E-8, 2.888588E-13
166.460651, 3.256662E-8, 7.550799E-14
166.872682, 3.256664E-8, 4.814359E-14
167.284714, 3.256664E-8, 1.439955E-15
167.696745, 3.256675E-8, 2.761939E-13
168.108776, 3.256685E-8, 2.418563E-13
168.520808, 3.256686E-8, 1.158826E-14
168.932839, 3.256701E-8, 3.681348E-13
169.344870, 3.256747E-8, 1.111246E-12
169.756902, 3.256773E-8, 6.251273E-13
170.168933, 3.256793E-8, 4.930032E-13
170.580964, 3.256816E-8, 5.570141E-13
170.992995, 3.256852E-8, 8.733770E-13
171.405027, 3.256909E-8, 1.396810E-12
171.817058, 3.256931E-8, 5.364112E-13
172.229089, 3.256938E-8, 1.671394E-13
172.641121, 3.256954E-8, 3.737678E-13
173.053152, 3.256963E-8, 2.177180E-13
173.465183, 3.256968E-8, 1.241907E-13
173.877215, 3.256969E-8, 2.927085E-14
174.289246, 3.256975E-8, 1.544754E-13
174.701277, 3.256982E-8, 1.685182E-13
175.113309, 3.256985E-8, 5.477321E-14
175.525340, 3.256994E-8, 2.277279E-13
175.937371, 3.257013E-8, 4.704860E-13
176.349403, 3.257019E-8, 1.388762E-13
176.761434, 3.257030E-8, 2.713070E-13
177.173465, 3.257062E-8, 7.800042E-13
177.585496, 3.257094E-8, 7.723692E-13
177.997528, 3.257096E-8, 5.428714E-14
178.409559, 3.257157E-8, 1.466780E-12
178.821590, 3.257264E-8, 2.601988E-12
179.233622, 3.257302E-8, 9.220299E-13
179.645653, 3.257356E-8, 1.312002E-12
180.057684, 3.257456E-8, 2.435915E-12
180.469716, 3.257459E-8, 5.136966E-14
180.881747, 3.257463E-8, 1.075972E-13
181.293778, 3.257483E-8, 4.780099E-13
181.705810, 3.257488E-8, 1.161704E-13
182.117841, 3.257491E-8, 8.250856E-14
182.529872, 3.257505E-8, 3.461715E-13
182.941904, 3.257527E-8, 5.414729E-13
183.353935, 3.257559E-8, 7.626406E-13
183.765966, 3.257599E-8, 9.611464E-13
184.177998, 3.257600E-8, 4.015005E-14
184.590029, 3.257609E-8, 2.228439E-13
185.002060, 3.257616E-8, 1.637239E-13
185.414091, 3.257624E-8, 1.981516E-13
185.826123, 3.257632E-8, 1.866125E-13
186.238154, 3.257635E-8, 6.928363E-14
186.650185, 3.257653E-8, 4.409304E-13
187.062217, 3.257777E-8, 3.006873E-12
187.474248, 3.257947E-8, 4.136907E-12
187.886279, 3.257987E-8, 9.631609E-13
188.298311, 3.258019E-8, 7.710264E-13
188.710342, 3.258019E-8, 7.554742E-15
189.122373, 3.258051E-8, 7.641457E-13
189.534405, 3.258107E-8, 1.363184E-12
189.946436, 3.258169E-8, 1.511118E-12
190.358467, 3.258198E-8, 7.118832E-13
190.770499, 3.258215E-8, 3.966012E-13
191.182530, 3.258228E-8, 3.350687E-13
191.594561, 3.258229E-8, 1.193075E-14
192.006593, 3.258249E-8, 4.795663E-13
192.418624, 3.258277E-8, 6.871778E-13
192.830655, 3.258285E-8, 1.872313E-13
193.242686, 3.258321E-8, 8.721901E-13
193.654718, 3.258356E-8, 8.571553E-13
194.066749, 3.258362E-8, 1.333039E-13
194.478780, 3.258369E-8, 1.863721E-13
194.890812, 3.258374E-8, 1.064924E-13
195.302843, 3.258386E-8, 3.054807E-13
195.714874, 3.258402E-8, 3.904358E-13
196.126906, 3.258407E-8, 1.067414E-13
196.538937, 3.258412E-8, 1.285958E-13
196.950968, 3.258434E-8, 5.273084E-13
197.363000, 3.258435E-8, 2.106240E-14
197.775031, 3.258447E-8, 2.994520E-13
198.187062, 3.258453E-8, 1.555148E-13
198.599094, 3.258457E-8, 8.004968E-14
199.011125, 3.258459E-8, 5.952741E-14
199.423156, 3.258468E-8, 2.205596E-13
199.835187, 3.258482E-8, 3.435885E-13
200.247219, 3.258509E-8, 6.586063E-13
200.659250, 3.258522E-8, 3.133329E-13
201.071281, 3.258523E-8, 1.804471E-14
201.483313, 3.258527E-8, 8.408378E-14
201.895344, 3.258536E-8, 2.349331E-13
202.307375, 3.258537E-8, 2.915090E-14
202.719407, 3.258538E-8, 3.454062E-15
203.131438, 3.258541E-8, 8.168252E-14
203.543469, 3.258553E-8, 2.967221E-13
203.955501, 3.258555E-8, 4.472387E-14
204.367532, 3.258555E-8, 1.060950E-14
204.779563, 3.258559E-8, 7.475296E-14
205.191595, 3.258567E-8, 2.069160E-13
205.603626, 3.258571E-8, 1.014034E-13
206.015657, 3.258576E-8, 1.209327E-13
206.427689, 3.258576E-8, 2.989511E-15
206.839720, 3.258577E-8, 1.665332E-14
207.251751, 3.258579E-8, 3.639685E-14
207.663782, 3.258584E-8, 1.256837E-13
208.075814, 3.258594E-8, 2.602907E-13
208.487845, 3.258625E-8, 7.532303E-13
208.899876, 3.258659E-8, 8.249371E-13
209.311908, 3.258668E-8, 2.057113E-13
209.723939, 3.258677E-8, 2.181591E-13
210.135970, 3.258687E-8, 2.557505E-13
210.548002, 3.258690E-8, 5.021550E-14
210.960033, 3.258691E-8, 4.124179E-14
211.372064, 3.258693E-8, 3.512722E-14
211.784096, 3.258693E-8, 4.415169E-15
212.196127, 3.258695E-8, 4.611324E-14
212.608158, 3.258697E-8, 4.964222E-14
213.020190, 3.258697E-8, 5.537583E-15
213.432221, 3.258700E-8, 7.045973E-14
213.844252, 3.258705E-8, 1.153642E-13
214.256283, 3.258710E-8, 1.194641E-13
214.668315, 3.258713E-8, 9.041456E-14
215.080346, 3.258718E-8, 1.069035E-13
215.492377, 3.258721E-8, 7.132044E-14
215.904409, 3.258724E-8, 8.886502E-14
216.316440, 3.258727E-8, 6.732360E-14
216.728471, 3.258730E-8, 6.922617E-14
217.140503, 3.258742E-8, 2.829582E-13
217.552534, 3.258757E-8, 3.850265E-13
217.964565, 3.258772E-8, 3.422986E-13
218.376597, 3.258777E-8, 1.369773E-13
218.788628, 3.258777E-8, 6.490663E-15
219.200659, 3.258779E-8, 3.098236E-14
219.612691, 3.258781E-8, 6.378398E-14
220.024722, 3.258784E-8, 5.416189E-14
220.436753, 3.258786E-8, 4.658697E-14
220.848785, 3.258787E-8, 4.516196E-14
221.260816, 3.258789E-8, 3.521124E-14
221.672847, 3.258791E-8, 4.583056E-14
222.084878, 3.258795E-8, 9.253551E-14
222.496910, 3.258797E-8, 5.678379E-14
222.908941, 3.258799E-8, 5.698104E-14
223.320972, 3.258807E-8, 1.902631E-13
223.733004, 3.258818E-8, 2.541196E-13
224.145035, 3.258821E-8, 8.002158E-14
224.557066, 3.258822E-8, 2.923603E-14
224.969098, 3.258825E-8, 7.068189E-14
225.381129, 3.258826E-8, 1.992685E-14
225.793160, 3.258836E-8, 2.374804E-13
226.205192, 3.258840E-8, 1.032983E-13
226.617223, 3.258840E-8, 3.201229E-15
227.029254, 3.258842E-8, 3.999339E-14
227.441286, 3.258846E-8, 1.024255E-13
227.853317, 3.258846E-8, 4.832879E-15
228.265348, 3.258848E-8, 4.008376E-14
228.677379, 3.258848E-8, 1.877510E-14
229.089411, 3.258851E-8, 5.417799E-14
229.501442, 3.258852E-8, 4.303244E-14
229.913473, 3.258871E-8, 4.390859E-13
230.325505, 3.258879E-8, 2.035762E-13
230.737536, 3.258879E-8, 1.093452E-14
231.149567, 3.258881E-8, 3.343607E-14
231.561599, 3.258883E-8, 4.927344E-14
231.973630, 3.258884E-8, 4.003473E-14
232.385661, 3.258885E-8, 3.760622E-15
232.797693, 3.258888E-8, 7.313873E-14
233.209724, 3.258890E-8, 6.224327E-14
233.621755, 3.258891E-8, 1.906899E-14
234.033787, 3.258891E-8, 1.022876E-14
234.445818, 3.258892E-8, 1.531700E-14
234.857849, 3.258893E-8, 2.564768E-14
235.269881, 3.258895E-8, 4.966477E-14
235.681912, 3.258897E-8, 4.651095E-14
236.093943, 3.258898E-8, 1.900042E-14
236.505974, 3.258898E-8, 8.835815E-15
236.918006, 3.258900E-8, 3.196704E-14
237.330037, 3.258903E-8, 8.812946E-14
237.742068, 3.258905E-8, 4.919009E-14
238.154100, 3.258906E-8, 8.555710E-15
238.566131, 3.258906E-8, 4.456771E-16
238.978162, 3.258906E-8, 3.066793E-15
239.390194, 3.258906E-8, 6.588641E-15
239.802225, 3.258907E-8, 1.422441E-14
240.214256, 3.258908E-8, 3.970465E-14
240.626288, 3.258909E-8, 8.941212E-15
241.038319, 3.258909E-8, 3.868070E-15
241.450350, 3.258909E-8, 3.141830E-15
241.862382, 3.258909E-8, 1.110311E-14
242.274413, 3.258910E-8, 1.140488E-14
242.686444, 3.258910E-8, 5.179019E-15
243.098475, 3.258910E-8, 1.048911E-14
243.510507, 3.258910E-8, 5.531918E-16
243.922538, 3.258911E-8, 1.037341E-14
244.334569, 3.258911E-8, 1.206537E-15
244.746601, 3.258911E-8, 4.583268E-15
245.158632, 3.258912E-8, 1.666786E-14
245.570663, 3.258914E-8, 4.323652E-14
245.982695, 3.258914E-8, 4.929934E-15
246.394726, 3.258914E-8, 5.503438E-15
246.806757, 3.258914E-8, 4.482629E-15
247.218789, 3.258931E-8, 4.047709E-13
247.630820, 3.258982E-8, 1.246219E-12
248.042851, 3.258995E-8, 3.045087E-13
248.454883, 3.258995E-8, 7.815345E-15
248.866914, 3.258995E-8, 3.253086E-15
249.278945, 3.258996E-8, 1.836421E-14
249.690977, 3.258996E-8, 1.178927E-14
250.103008, 3.258998E-8, 3.672804E-14
250.515039, 3.258999E-8, 3.336755E-14
250.927070, 3.259000E-8, 1.815897E-14
251.339102, 3.259001E-8, 3.141425E-14
251.751133, 3.259004E-8, 5.240330E-14
252.163164, 3.259004E-8, 1.913498E-14
252.575196, 3.259006E-8, 2.951426E-14
252.987227, 3.259008E-8, 5.045812E-14
253.399258, 3.259008E-8, 1.489421E-14
253.811290, 3.259008E-8, 3.073594E-15
254.223321, 3.259011E-8, 6.969010E-14
254.635352, 3.259013E-8, 5.465473E-14
255.047384, 3.259016E-8, 5.136006E-14
255.459415, 3.259017E-8, 2.825387E-14
255.871446, 3.259019E-8, 4.477195E-14
256.283478, 3.259020E-8, 3.334152E-14
256.695509, 3.259020E-8, 1.109792E-14
257.107540, 3.259023E-8, 6.681266E-14
257.519571, 3.259026E-8, 5.742520E-14
257.931603, 3.259029E-8, 8.789354E-14
258.343634, 3.259033E-8, 1.011361E-13
258.755665, 3.259036E-8, 5.394213E-14
259.167697, 3.259037E-8, 3.229042E-14
259.579728, 3.259038E-8, 2.871288E-14
259.991759, 3.259040E-8, 3.870150E-14
260.403791, 3.259045E-8, 1.250282E-13
260.815822, 3.259050E-8, 1.336563E-13
261.227853, 3.259053E-8, 5.592636E-14
261.639885, 3.259054E-8, 2.294117E-14
262.051916, 3.259055E-8, 3.264762E-14
262.463947, 3.259056E-8, 2.675774E-14
262.875979, 3.259056E-8, 2.006504E-15
263.288010, 3.259056E-8, 2.762967E-16
263.700041, 3.259057E-8, 3.017756E-14
264.112073, 3.259059E-8, 3.175720E-14
264.524104, 3.259059E-8, 1.222021E-14
264.936135, 3.259062E-8, 7.186885E-14
265.348166, 3.259067E-8, 1.275795E-13
265.760198, 3.259072E-8, 1.035151E-13
266.172229, 3.259074E-8, 6.017163E-14
266.584260, 3.259075E-8, 1.235657E-14
266.996292, 3.259076E-8, 3.082255E-14
267.408323, 3.259083E-8, 1.809246E-13
267.820354, 3.259090E-8, 1.629030E-13
268.232386, 3.259092E-8, 4.088963E-14
268.644417, 3.259092E-8, 1.634789E-14
269.056448, 3.259093E-8, 1.614206E-14
269.468480, 3.259094E-8, 2.968002E-14
269.880511, 3.259098E-8, 9.298321E-14
270.292542, 3.259100E-8, 4.638865E-14
270.704574, 3.259101E-8, 1.933403E-14
271.116605, 3.259101E-8, 8.467368E-15
271.528636, 3.259104E-8, 7.612920E-14
271.940667, 3.259111E-8, 1.705053E-13
272.352699, 3.259113E-8, 5.171603E-14
272.764730, 3.259115E-8, 4.194967E-14
273.176761, 3.259123E-8, 1.838283E-13
273.588793, 3.259132E-8, 2.348033E-13
274.000824, 3.259141E-8, 2.139124E-13
274.412855, 3.259148E-8, 1.557303E-13
274.824887, 3.259149E-8, 3.787198E-14
275.236918, 3.259149E-8, 3.770479E-15
275.648949, 3.259150E-8, 1.891317E-14
276.060981, 3.259152E-8, 4.154290E-14
276.473012, 3.259157E-8, 1.141419E-13
276.885043, 3.259162E-8, 1.421574E-13
277.297075, 3.259169E-8, 1.523029E-13
277.709106, 3.259175E-8, 1.607877E-13
278.121137, 3.259179E-8, 9.341971E-14
278.533169, 3.259183E-8, 8.015406E-14
278.945200, 3.259187E-8, 1.032051E-13
279.357231, 3.259197E-8, 2.433434E-13
279.769262, 3.259203E-8, 1.541435E-13
280.181294, 3.259206E-8, 7.770276E-14
280.593325, 3.259210E-8, 8.179194E-14
281.005356, 3.259210E-8, 6.450479E-15
281.417388, 3.259215E-8, 1.314186E-13
281.829419, 3.259218E-8, 5.502214E-14
282.241450, 3.259219E-8, 3.348443E-14
282.653482, 3.259223E-8, 1.005457E-13
283.065513, 3.259230E-8, 1.741987E-13
283.477544, 3.259233E-8, 5.210259E-14
283.889576, 3.259236E-8, 7.282817E-14
284.301607, 3.259244E-8, 2.174746E-13
284.713638, 3.259251E-8, 1.672442E-13
285.125670, 3.259254E-8, 6.545213E-14
285.537701, 3.259256E-8, 3.780077E-14
285.949732, 3.259259E-8, 7.720183E-14
286.361763, 3.259259E-8, 1.557939E-14
286.773795, 3.259261E-8, 3.371034E-14
287.185826, 3.259263E-8, 5.402619E-14
287.597857, 3.259264E-8, 1.249211E-14
288.009889, 3.259272E-8, 2.067335E-13
288.421920, 3.259286E-8, 3.446630E-13
288.833951, 3.259291E-8, 1.168561E-13
289.245983, 3.259293E-8, 5.536273E-14
289.658014, 3.259298E-8, 1.017111E-13
290.070045, 3.259299E-8, 2.739030E-14
290.482077, 3.259301E-8, 6.419863E-14
290.894108, 3.259304E-8, 5.474580E-14
291.306139, 3.259305E-8, 2.728462E-14
291.718171, 3.259308E-8, 7.599927E-14
292.130202, 3.259314E-8, 1.392799E-13
292.542233, 3.259319E-8, 1.214961E-13
292.954265, 3.259321E-8, 6.277891E-14
293.366296, 3.259323E-8, 3.828124E-14
293.778327, 3.259325E-8, 6.523114E-14
294.190358, 3.259326E-8, 1.583532E-14
294.602390, 3.259332E-8, 1.329681E-13
295.014421, 3.259342E-8, 2.436928E-13
295.426452, 3.259358E-8, 3.880474E-13
295.838484, 3.259361E-8, 9.163403E-14
296.250515, 3.259362E-8, 1.625433E-14
296.662546, 3.259366E-8, 8.320670E-14
297.074578, 3.259371E-8, 1.287090E-13
297.486609, 3.259371E-8, 7.987906E-16
297.898640, 3.259371E-8, 1.030725E-15
298.310672, 3.259376E-8, 1.179137E-13
298.722703, 3.259383E-8, 1.791008E-13
299.134734, 3.259386E-8, 7.057570E-14
299.546766, 3.259391E-8, 1.152930E-13
299.958797, 3.259407E-8, 3.945362E-13
300.370828, 3.259412E-8, 1.137552E-13
300.782859, 3.259414E-8, 6.223187E-14
301.194891, 3.259416E-8, 3.445697E-14
301.606922, 3.259417E-8, 3.490570E-14
302.018953, 3.259417E-8, 7.646398E-15
302.430985, 3.259420E-8, 6.839600E-14
302.843016, 3.259425E-8, 1.065362E-13
303.255047, 3.259434E-8, 2.355174E-13
303.667079, 3.259440E-8, 1.454491E-13
304.079110, 3.259446E-8, 1.262005E-13
304.491141, 3.259452E-8, 1.535756E-13
304.903173, 3.259457E-8, 1.351919E-13
305.315204, 3.259460E-8, 6.149256E-14
305.727235, 3.259461E-8, 3.362322E-14
306.139267, 3.259464E-8, 6.256760E-14
306.551298, 3.259471E-8, 1.625820E-13
306.963329, 3.259482E-8, 2.852757E-13
307.375361, 3.259486E-8, 8.707975E-14
307.787392, 3.259486E-8, 4.906455E-16
308.199423, 3.259487E-8, 3.251659E-14
308.611454, 3.259489E-8, 3.596573E-14
309.023486, 3.259493E-8, 9.041404E-14
309.435517, 3.259504E-8, 2.702545E-13
309.847548, 3.259505E-8, 3.766828E-14
310.259580, 3.259507E-8, 3.762508E-14
310.671611, 3.259509E-8, 6.178071E-14
311.083642, 3.259525E-8, 3.688691E-13
311.495674, 3.259541E-8, 3.893629E-13
311.907705, 3.259541E-8, 9.404148E-15
312.319736, 3.259552E-8, 2.746974E-13
312.731768, 3.259567E-8, 3.582220E-13
313.143799, 3.259572E-8, 1.141492E-13
313.555830, 3.259573E-8, 4.042982E-14
313.967862, 3.259574E-8, 9.030341E-15
314.379893, 3.259578E-8, 9.601605E-14
314.791924, 3.259586E-8, 2.085980E-13
315.203956, 3.259599E-8, 3.011684E-13
315.615987, 3.259601E-8, 4.375835E-14
316.028018, 3.259603E-8, 6.037247E-14
316.440049, 3.259610E-8, 1.586735E-13
316.852081, 3.259619E-8, 2.210471E-13
317.264112, 3.259630E-8, 2.741975E-13
317.676143, 3.259642E-8, 2.953624E-13
318.088175, 3.259646E-8, 1.044937E-13
318.500206, 3.259648E-8, 3.295345E-14
318.912237, 3.259651E-8, 6.761454E-14
319.324269, 3.259655E-8, 1.146810E-13
319.736300, 3.259670E-8, 3.443849E-13
320.148331, 3.259685E-8, 3.818670E-13
320.560363, 3.259691E-8, 1.495732E-13
320.972394, 3.259696E-8, 1.155799E-13
321.384425, 3.259703E-8, 1.535273E-13
321.796457, 3.259705E-8, 6.298157E-14
322.208488, 3.259705E-8, 6.289781E-15
322.620519, 3.259707E-8, 4.329623E-14
323.032550, 3.259715E-8, 1.979943E-13
323.444582, 3.259724E-8, 2.084272E-13
323.856613, 3.259731E-8, 1.680205E-13
324.268644, 3.259734E-8, 7.423393E-14
324.680676, 3.259735E-8, 2.421245E-14
325.092707, 3.259736E-8, 3.499087E-14
325.504738, 3.259737E-8, 1.518500E-14
325.916770, 3.259737E-8, 1.158156E-14
326.328801, 3.259738E-8, 2.525639E-14
326.740832, 3.259743E-8, 1.182332E-13
327.152864, 3.259747E-8, 8.367060E-14
327.564895, 3.259749E-8, 4.182032E-14
327.976926, 3.259753E-8, 1.095277E-13
328.388958, 3.259757E-8, 1.068535E-13
328.800989, 3.259761E-8, 8.739714E-14
329.213020, 3.259772E-8, 2.759247E-13
329.625052, 3.259776E-8, 8.419623E-14
330.037083, 3.259780E-8, 1.119998E-13
330.449114, 3.259782E-8, 3.048789E-14
330.861145, 3.259782E-8, 2.451250E-15
331.273177, 3.259784E-8, 6.024348E-14
331.685208, 3.259786E-8, 3.129480E-14
332.097239, 3.259786E-8, 1.921175E-14
332.509271, 3.259788E-8, 4.870057E-14
332.921302, 3.259790E-8, 3.617351E-14
333.333333, 3.259791E-8, 2.816137E-14
333.745365, 3.259791E-8, 6.733240E-15
334.157396, 3.259795E-8, 9.725061E-14
334.569427, 3.259803E-8, 1.772642E-13
334.981459, 3.259808E-8, 1.341416E-13
335.393490, 3.259810E-8, 4.900827E-14
335.805521, 3.259811E-8, 1.907524E-14
336.217553, 3.259812E-8, 3.471823E-14
336.629584, 3.259815E-8, 7.188274E-14
337.041615, 3.259816E-8, 1.803388E-14
337.453646, 3.259818E-8, 3.414764E-14
337.865678, 3.259828E-8, 2.440053E-13
338.277709, 3.259843E-8, 3.857227E-13
338.689740, 3.259851E-8, 1.916421E-13
339.101772, 3.259857E-8, 1.263460E-13
339.513803, 3.259859E-8, 5.498054E-14
339.925834, 3.259860E-8, 1.650295E-14
340.337866, 3.259861E-8, 2.514236E-14
340.749897, 3.259861E-8, 9.270420E-15
341.161928, 3.259864E-8, 6.736477E-14
341.573960, 3.259867E-8, 8.983238E-14
341.985991, 3.259868E-8, 1.532184E-14
342.398022, 3.259869E-8, 1.726803E-14
342.810054, 3.259869E-8, 1.334218E-15
343.222085, 3.259869E-8, 4.207122E-15
343.634116, 3.259871E-8, 4.814703E-14
344.046148, 3.259873E-8, 4.854747E-14
344.458179, 3.259874E-8, 3.288197E-14
344.870210, 3.259876E-8, 3.021581E-14
345.282241, 3.259877E-8, 4.270349E-14
345.694273, 3.259879E-8, 4.683622E-14
346.106304, 3.259881E-8, 5.470976E-14
346.518335, 3.259884E-8, 7.087552E-14
346.930367, 3.259890E-8, 1.305317E-13
347.342398, 3.259894E-8, 9.598173E-14
347.754429, 3.259895E-8, 2.990782E-14
348.166461, 3.259896E-8, 3.009629E-14
348.578492, 3.259898E-8, 3.946421E-14
348.990523, 3.259898E-8, 1.404380E-14
349.402555, 3.259899E-8, 2.169961E-14
349.814586, 3.259901E-8, 4.016712E-14
350.226617, 3.259902E-8, 2.053831E-14
350.638649, 3.259902E-8, 2.591458E-15
351.050680, 3.259903E-8, 2.786057E-14
351.462711, 3.259903E-8, 7.863679E-15
351.874742, 3.259904E-8, 2.246738E-14
352.286774, 3.259906E-8, 4.389562E-14
352.698805, 3.259906E-8, 2.149944E-15
353.110836, 3.259907E-8, 2.196146E-14
353.522868, 3.259909E-8, 4.074578E-14
353.934899, 3.259911E-8, 6.057038E-14
354.346930, 3.259912E-8, 1.747079E-14
354.758962, 3.259912E-8, 2.512933E-15
355.170993, 3.259914E-8, 4.433383E-14
355.583024, 3.259918E-8, 1.076030E-13
355.995056, 3.259919E-8, 2.542989E-14
356.407087, 3.259920E-8, 9.590211E-15
356.819118, 3.259921E-8, 4.000468E-14
357.231150, 3.259923E-8, 4.529277E-14
357.643181, 3.259923E-8, 2.426409E-16
358.055212, 3.259924E-8, 9.204464E-15
358.467244, 3.259924E-8, 1.010374E-14
358.879275, 3.259924E-8, 2.665387E-15
359.291306, 3.259924E-8, 7.616079E-16
359.703337, 3.259925E-8, 6.166915E-15
360.115369, 3.259925E-8, 7.023176E-15
360.527400, 3.259927E-8, 4.573725E-14
360.939431, 3.259927E-8, 1.707585E-14
361.351463, 3.259929E-8, 3.246529E-14
361.763494, 3.259931E-8, 5.602835E-14
362.175525, 3.259932E-8, 2.497704E-14
362.587557, 3.259932E-8, 9.199688E-15
362.999588, 3.259933E-8, 1.187275E-14
363.411619, 3.259933E-8, 2.808300E-15
363.823651, 3.259933E-8, 8.463571E-16
364.235682, 3.259934E-8, 2.796389E-14
364.647713, 3.259936E-8, 4.052225E-14
365.059745, 3.259936E-8, 1.203363E-14
365.471776, 3.259937E-8, 5.753147E-15
365.883807, 3.259937E-8, 1.445734E-14
366.295838, 3.259938E-8, 8.542806E-15
366.707870, 3.259938E-8, 1.463229E-15
367.119901, 3.259938E-8, 9.223671E-15
367.531932, 3.259938E-8, 6.562681E-15
367.943964, 3.259939E-8, 4.665927E-15
368.355995, 3.259939E-8, 5.378133E-15
368.768026, 3.259939E-8, 1.333911E-14
369.180058, 3.259940E-8, 5.894423E-15
369.592089, 3.259940E-8, 3.843458E-15
370.004120, 3.259940E-8, 9.018327E-15
370.416152, 3.259940E-8, 4.057248E-15
370.828183, 3.259941E-8, 2.357037E-14
371.240214, 3.259943E-8, 4.142324E-14
371.652246, 3.259944E-8, 1.875036E-14
372.064277, 3.259944E-8, 2.918945E-15
372.476308, 3.259944E-8, 8.863336E-16
372.888340, 3.259944E-8, 6.642536E-15
373.300371, 3.259945E-8, 2.779397E-14
373.712402, 3.259946E-8, 1.938096E-14
374.124433, 3.259947E-8, 1.523963E-14
374.536465, 3.259947E-8, 6.724950E-15
374.948496, 3.259947E-8, 1.201916E-14
375.360527, 3.259948E-8, 2.285924E-14
375.772559, 3.259950E-8, 3.422590E-14
376.184590, 3.259952E-8, 5.536619E-14
376.596621, 3.259955E-8, 7.677720E-14
377.008653, 3.259962E-8, 1.598077E-13
377.420684, 3.259964E-8, 4.715964E-14
377.832715, 3.259965E-8, 2.952683E-14
378.244747, 3.259966E-8, 3.409065E-14
378.656778, 3.259968E-8, 2.723505E-14
379.068809, 3.259968E-8, 2.920093E-15
379.480841, 3.259968E-8, 1.320170E-14
379.892872, 3.259969E-8, 2.509999E-14
380.304903, 3.259969E-8, 2.537849E-15
380.716934, 3.259969E-8, 2.940977E-15
381.128966, 3.259970E-8, 2.083780E-14
381.540997, 3.259971E-8, 1.136317E-14
381.953028, 3.259971E-8, 2.479926E-15
382.365060, 3.259973E-8, 4.119969E-14
382.777091, 3.259974E-8, 2.430943E-14
383.189122, 3.259974E-8, 9.765182E-15
383.601154, 3.259975E-8, 1.341569E-14
384.013185, 3.259975E-8, 1.723126E-14
384.425216, 3.259976E-8, 8.179595E-15
384.837248, 3.259976E-8, 4.393594E-15
385.249279, 3.259976E-8, 5.171018E-15
385.661310, 3.259976E-8, 8.664577E-15
386.073342, 3.259976E-8, 2.070895E-15
386.485373, 3.259976E-8, 1.343034E-15
386.897404, 3.259977E-8, 9.817650E-15
387.309436, 3.259977E-8, 8.225025E-15
387.721467, 3.259978E-8, 1.547330E-14
388.133498, 3.259979E-8, 2.439194E-14
388.545529, 3.259981E-8, 4.502614E-14
388.957561, 3.259984E-8, 8.475149E-14
389.369592, 3.259985E-8, 2.966362E-14
389.781623, 3.259987E-8, 2.689726E-14
390.193655, 3.259988E-8, 4.293473E-14
390.605686, 3.259990E-8, 4.409839E-14
391.017717, 3.259997E-8, 1.568172E-13
391.429749, 3.260007E-8, 2.416970E-13
391.841780, 3.260009E-8, 6.144702E-14
392.253811, 3.260010E-8, 1.768979E-14
392.665843, 3.260010E-8, 8.190785E-16
393.077874, 3.260013E-8, 7.446613E-14
393.489905, 3.260016E-8, 6.511661E-14
393.901937, 3.260016E-8, 6.548619E-15
394.313968, 3.260017E-8, 3.761948E-14
394.725999, 3.260019E-8, 4.277935E-14
395.138030, 3.260020E-8, 2.563636E-14
395.550062, 3.260021E-8, 1.246131E-14
395.962093, 3.260023E-8, 6.607241E-14
396.374124, 3.260029E-8, 1.367205E-13
396.786156, 3.260032E-8, 7.703398E-14
397.198187, 3.260033E-8, 2.113665E-14
397.610218, 3.260035E-8, 4.790963E-14
398.022250, 3.260037E-8, 5.293774E-14
398.434281, 3.260039E-8, 3.581284E-14
398.846312, 3.260041E-8, 6.232061E-14
399.258344, 3.260045E-8, 8.451448E-14
399.670375, 3.260046E-8, 2.982856E-14
400.082406, 3.260046E-8, 6.965515E-15
400.494438, 3.260046E-8, 1.248500E-15
400.906469, 3.260046E-8, 9.459563E-16
401.318500, 3.260047E-8, 5.326793E-15
401.730532, 3.260048E-8, 2.670055E-14
402.142563, 3.260048E-8, 1.160170E-14
402.554594, 3.260048E-8, 5.074745E-15
402.966625, 3.260049E-8, 2.280426E-14
403.378657, 3.260050E-8, 2.534416E-14
403.790688, 3.260051E-8, 1.636213E-14
404.202719, 3.260051E-8, 8.797496E-15
404.614751, 3.260052E-8, 1.148131E-14
405.026782, 3.260053E-8, 2.445835E-14
405.438813, 3.260054E-8, 1.707358E-14
405.850845, 3.260055E-8, 3.832102E-14
406.262876, 3.260057E-8, 4.617592E-14
406.674907, 3.260058E-8, 2.166180E-14
407.086939, 3.260062E-8, 1.056272E-13
407.498970, 3.260063E-8, 1.548637E-14
407.911001, 3.260064E-8, 2.131140E-14
408.323033, 3.260069E-8, 1.242569E-13
408.735064, 3.260076E-8, 1.659871E-13
409.147095, 3.260083E-8, 1.662868E-13
409.559126, 3.260084E-8, 2.391420E-14
409.971158, 3.260084E-8, 3.863018E-15
410.383189, 3.260084E-8, 1.215562E-14
410.795220, 3.260085E-8, 1.132311E-14
411.207252, 3.260085E-8, 1.253221E-14
411.619283, 3.260086E-8, 1.459426E-14
412.031314, 3.260088E-8, 5.424141E-14
412.443346, 3.260088E-8, 1.878501E-15
412.855377, 3.260089E-8, 1.409647E-14
413.267408, 3.260090E-8, 3.628537E-14
413.679440, 3.260090E-8, 3.668074E-15
414.091471, 3.260092E-8, 3.669732E-14
414.503502, 3.260092E-8, 6.728842E-15
414.915534, 3.260093E-8, 2.627983E-14
415.327565, 3.260094E-8, 1.974881E-14
415.739596, 3.260095E-8, 3.241137E-14
416.151628, 3.260095E-8, 3.975966E-17
416.563659, 3.260096E-8, 1.295873E-14
416.975690, 3.260096E-8, 3.696060E-15
417.387721, 3.260097E-8, 1.887285E-14
417.799753, 3.260098E-8, 2.488090E-14
418.211784, 3.260100E-8, 4.645742E-14
418.623815, 3.260100E-8, 6.707557E-15
419.035847, 3.260100E-8, 4.938457E-16
419.447878, 3.260101E-8, 2.512480E-14
419.859909, 3.260107E-8, 1.386342E-13
420.271941, 3.260121E-8, 3.424009E-13
420.683972, 3.260150E-8, 7.104457E-13
421.096003, 3.260190E-8, 9.683318E-13
421.508035, 3.260222E-8, 7.639019E-13
421.920066, 3.260244E-8, 5.323334E-13
422.332097, 3.260258E-8, 3.377145E-13
422.744129, 3.260260E-8, 6.203625E-14
423.156160, 3.260263E-8, 6.317000E-14
423.568191, 3.260267E-8, 1.102599E-13
423.980222, 3.260275E-8, 1.851935E-13
424.392254, 3.260280E-8, 1.204095E-13
424.804285, 3.260280E-8, 1.297808E-14
425.216316, 3.260282E-8, 2.946488E-14
425.628348, 3.260283E-8, 4.230680E-14
426.040379, 3.260287E-8, 9.248682E-14
426.452410, 3.260294E-8, 1.625831E-13
426.864442, 3.260298E-8, 1.126867E-13
427.276473, 3.260306E-8, 1.705777E-13
427.688504, 3.260311E-8, 1.305904E-13
428.100536, 3.260312E-8, 1.872873E-14
428.512567, 3.260313E-8, 2.268533E-14
428.924598, 3.260314E-8, 3.171420E-14
429.336630, 3.260315E-8, 1.786412E-14
429.748661, 3.260316E-8, 4.447834E-14
430.160692, 3.260320E-8, 8.641212E-14
430.572724, 3.260324E-8, 1.003513E-13
430.984755, 3.260325E-8, 2.568309E-14
431.396786, 3.260325E-8, 3.586640E-15
431.808817, 3.260326E-8, 4.552371E-15
432.220849, 3.260328E-8, 5.028677E-14
432.632880, 3.260329E-8, 3.021612E-14
433.044911, 3.260330E-8, 3.557676E-14
433.456943, 3.260332E-8, 4.298879E-14
433.868974, 3.260334E-8, 3.468239E-14
434.281005, 3.260334E-8, 2.059819E-15
434.693037, 3.260339E-8, 1.363545E-13
435.105068, 3.260364E-8, 5.909213E-13
435.517099, 3.260372E-8, 2.146858E-13
435.929131, 3.260373E-8, 1.425240E-14
436.341162, 3.260377E-8, 8.904252E-14
436.753193, 3.260381E-8, 1.099518E-13
437.165225, 3.260387E-8, 1.458756E-13
437.577256, 3.260389E-8, 5.239609E-14
437.989287, 3.260390E-8, 1.422906E-14
438.401319, 3.260391E-8, 1.809436E-14
438.813350, 3.260392E-8, 1.890606E-14
439.225381, 3.260392E-8, 1.038218E-14
439.637412, 3.260392E-8, 6.478232E-15
440.049444, 3.260393E-8, 2.704844E-14
440.461475, 3.260394E-8, 2.581686E-14
440.873506, 3.260395E-8, 6.020084E-15
441.285538, 3.260395E-8, 4.394744E-15
441.697569, 3.260395E-8, 9.716731E-15
442.109600, 3.260395E-8, 4.849802E-15
442.521632, 3.260398E-8, 5.186048E-14
442.933663, 3.260398E-8, 2.026803E-14
443.345694, 3.260401E-8, 6.789589E-14
443.757726, 3.260411E-8, 2.277052E-13
444.169757, 3.260414E-8, 9.171011E-14
444.581788, 3.260415E-8, 8.891103E-15
444.993820, 3.260416E-8, 3.100649E-14
445.405851, 3.260417E-8, 3.509604E-14
445.817882, 3.260418E-8, 2.187258E-14
446.229913, 3.260419E-8, 1.354276E-14
446.641945, 3.260419E-8, 7.574784E-15
447.053976, 3.260420E-8, 1.268486E-14
447.466007, 3.260420E-8, 2.451117E-15
447.878039, 3.260420E-8, 1.489164E-14
448.290070, 3.260422E-8, 3.894571E-14
448.702101, 3.260437E-8, 3.653916E-13
449.114133, 3.260457E-8, 4.840770E-13
449.526164, 3.260459E-8, 4.642650E-14
449.938195, 3.260460E-8, 2.336063E-14
450.350227, 3.260462E-8, 6.274646E-14
450.762258, 3.260467E-8, 1.148598E-13
451.174289, 3.260469E-8, 4.374326E-14
451.586321, 3.260475E-8, 1.563220E-13
451.998352, 3.260502E-8, 6.434689E-13
452.410383, 3.260540E-8, 9.292587E-13
452.822415, 3.260578E-8, 9.163018E-13
453.234446, 3.260591E-8, 3.061159E-13
453.646477, 3.260592E-8, 2.934106E-14
454.058508, 3.260593E-8, 3.729278E-14
454.470540, 3.260595E-8, 3.450605E-14
454.882571, 3.260599E-8, 1.027008E-13
455.294602, 3.260603E-8, 8.813402E-14
455.706634, 3.260603E-8, 1.537818E-14
456.118665, 3.260604E-8, 1.328873E-14
456.530696, 3.260606E-8, 5.563689E-14
456.942728, 3.260608E-8, 5.365904E-14
457.354759, 3.260611E-8, 5.620611E-14
457.766790, 3.260613E-8, 5.306892E-14
458.178822, 3.260615E-8, 4.810137E-14
458.590853, 3.260616E-8, 2.166929E-14
459.002884, 3.260616E-8, 2.834960E-15
459.414916, 3.260617E-8, 2.202071E-14
459.826947, 3.260617E-8, 1.753610E-14
460.238978, 3.260618E-8, 2.078374E-14
460.651009, 3.260622E-8, 7.689741E-14
461.063041, 3.260622E-8, 1.416661E-14
461.475072, 3.260624E-8, 5.117607E-14
461.887103, 3.260631E-8, 1.588766E-13
462.299135, 3.260638E-8, 1.654710E-13
462.711166, 3.260638E-8, 2.974826E-15
463.123197, 3.260639E-8, 2.917518E-14
463.535229, 3.260640E-8, 3.042924E-14
463.947260, 3.260641E-8, 1.867012E-14
464.359291, 3.260641E-8, 1.246652E-14
464.771323, 3.260643E-8, 4.469760E-14
465.183354, 3.260647E-8, 8.263045E-14
465.595385, 3.260648E-8, 2.105854E-14
466.007417, 3.260648E-8, 5.151948E-15
466.419448, 3.260648E-8, 1.373145E-14
466.831479, 3.260649E-8, 2.805419E-14
467.243511, 3.260650E-8, 2.471089E-14
467.655542, 3.260653E-8, 5.126761E-14
468.067573, 3.260655E-8, 5.944613E-14
468.479604, 3.260656E-8, 3.496237E-14
468.891636, 3.260657E-8, 1.667578E-14
469.303667, 3.260659E-8, 3.619126E-14
469.715698, 3.260661E-8, 6.293040E-14
470.127730, 3.260662E-8, 1.729187E-14
470.539761, 3.260663E-8, 3.310847E-14
470.951792, 3.260664E-8, 2.047479E-14
471.363824, 3.260665E-8, 1.275496E-14
471.775855, 3.260666E-8, 2.512664E-14
472.187886, 3.260666E-8, 2.170234E-15
472.599918, 3.260666E-8, 3.179478E-15
473.011949, 3.260666E-8, 8.842305E-15
473.423980, 3.260667E-8, 1.229029E-14
473.836012, 3.260668E-8, 2.556583E-14
474.248043, 3.260670E-8, 4.683472E-14
474.660074, 3.260670E-8, 1.139301E-14
475.072105, 3.260671E-8, 1.657280E-14
475.484137, 3.260672E-8, 2.676831E-14
475.896168, 3.260673E-8, 3.279199E-14
476.308199, 3.260677E-8, 7.638315E-14
476.720231, 3.260678E-8, 3.037868E-14
477.132262, 3.260678E-8, 3.846663E-15
477.544293, 3.260678E-8, 1.188239E-14
477.956325, 3.260680E-8, 3.686156E-14
478.368356, 3.260683E-8, 6.334866E-14
478.780387, 3.260684E-8, 3.532714E-14
479.192419, 3.260685E-8, 1.539247E-14
479.604450, 3.260685E-8, 7.724301E-15
480.016481, 3.260687E-8, 3.850930E-14
480.428513, 3.260687E-8, 1.942278E-14
480.840544, 3.260688E-8, 1.573721E-14
481.252575, 3.260689E-8, 2.300854E-14
481.664607, 3.260690E-8, 1.550924E-14
482.076638, 3.260690E-8, 6.876879E-15
482.488669, 3.260690E-8, 5.316937E-15
482.900700, 3.260690E-8, 2.146474E-15
483.312732, 3.260691E-8, 9.706892E-15
483.724763, 3.260692E-8, 2.132435E-14
484.136794, 3.260693E-8, 3.321089E-14
484.548826, 3.260693E-8, 6.717763E-15
484.960857, 3.260695E-8, 3.464961E-14
485.372888, 3.260696E-8, 3.115879E-14
485.784920, 3.260697E-8, 2.473130E-14
486.196951, 3.260697E-8, 2.386478E-15
486.608982, 3.260697E-8, 1.266079E-14
487.021014, 3.260698E-8, 4.937532E-15
487.433045, 3.260699E-8, 2.601928E-14
487.845076, 3.260699E-8, 1.404343E-15
488.257108, 3.260700E-8, 2.581484E-14
488.669139, 3.260702E-8, 4.568986E-14
489.081170, 3.260702E-8, 2.650525E-15
489.493201, 3.260703E-8, 3.422198E-14
489.905233, 3.260704E-8, 2.180521E-14
490.317264, 3.260704E-8, 2.685575E-15
490.729295, 3.260705E-8, 1.606956E-14
491.141327, 3.260706E-8, 3.012209E-14
491.553358, 3.260706E-8, 7.083647E-16
491.965389, 3.260706E-8, 3.133571E-15
492.377421, 3.260707E-8, 3.804268E-15
492.789452, 3.260707E-8, 2.831304E-15
493.201483, 3.260707E-8, 1.939720E-14
493.613515, 3.260709E-8, 3.493162E-14
494.025546, 3.260712E-8, 7.114630E-14
494.437577, 3.260713E-8, 3.406204E-14
494.849609, 3.260713E-8, 9.005576E-16
495.261640, 3.260713E-8, 3.533847E-15
495.673671, 3.260713E-8, 1.660633E-15
496.085703, 3.260715E-8, 2.850792E-14
496.497734, 3.260716E-8, 3.532989E-14
496.909765, 3.260718E-8, 5.800067E-14
497.321796, 3.260725E-8, 1.475580E-13
497.733828, 3.260725E-8, 1.608007E-14
498.145859, 3.260726E-8, 1.597881E-14
498.557890, 3.260726E-8, 1.274554E-14
498.969922, 3.260726E-8, 2.451520E-16
499.381953, 3.260727E-8, 5.071948E-15
499.793984, 3.260727E-8, 8.226449E-15
